Workbook

Sheet Summary
A1: Sprint 1 WBS — 인증 인프라 (4주)
A2: 전화번호 + SMS 가입/로그인, 연락처 동기화, Users·AuthCodes 테이블 신설
A4: 공수 산정 — 역할별 (자동 계산)
A5: 역할 | B5: 작업 수 | C5: 공수 (MD) | D5: 주당 가용 (MD) | E5: 필요 인원
A6: Backend (BE) | B6: =COUNTIF(WBS!E:E,"BE") -> 9 | C6: =SUMIF(WBS!E:E,"BE",WBS!G:G) -> 18 | D6: 20 | E6: =IF(D6=0,0,CEILING(C6/D6,0.5)) -> 1
A7: Mobile App | B7: =COUNTIF(WBS!E:E,"APP") -> 8 | C7: =SUMIF(WBS!E:E,"APP",WBS!G:G) -> 17.5 | D7: 20 | E7: =IF(D7=0,0,CEILING(C7/D7,0.5)) -> 1
A8: DBA / Infra | B8: =COUNTIF(WBS!E:E,"INFRA") -> 4 | C8: =SUMIF(WBS!E:E,"INFRA",WBS!G:G) -> 7.5 | D8: 20 | E8: =IF(D8=0,0,CEILING(C8/D8,0.5)) -> 0.5
A9: QA | B9: =COUNTIF(WBS!E:E,"QA") -> 4 | C9: =SUMIF(WBS!E:E,"QA",WBS!G:G) -> 9.5 | D9: 20 | E9: =IF(D9=0,0,CEILING(C9/D9,0.5)) -> 0.5
A10: Design | B10: =COUNTIF(WBS!E:E,"DESIGN") -> 1 | C10: =SUMIF(WBS!E:E,"DESIGN",WBS!G:G) -> 3 | D10: 20 | E10: =IF(D10=0,0,CEILING(C10/D10,0.5)) -> 0.5
A11: PM / Spec | B11: =COUNTIF(WBS!E:E,"PM") -> 3 | C11: =SUMIF(WBS!E:E,"PM",WBS!G:G) -> 5 | D11: 20 | E11: =IF(D11=0,0,CEILING(C11/D11,0.5)) -> 0.5
A12: 합계 | B12: =SUM(B6:B11) -> 29 | C12: =SUM(C6:C11) -> 60.5 | E12: =SUM(E6:E11) -> 4
A15: 진행 상태 (자동 계산)
A16: Not Started | B16: =COUNTIF(WBS!I:I,"Not Started") -> 28
A17: In Progress | B17: =COUNTIF(WBS!I:I,"In Progress") -> 0
A18: Blocked | B18: =COUNTIF(WBS!I:I,"Blocked") -> 1
A19: Done | B19: =COUNTIF(WBS!I:I,"Done") -> 0
A20: 진행률 | B20: =IFERROR(COUNTIF(WBS!I:I,"Done")/(COUNTA(WBS!A:A)-1),0) -> 0
A23: 핵심 가정 (Assumptions)
A24: Sprint 기간: 4주 (20 영업일)
A25: 1 MD (Man-Day) = 1인 1일 8시간
A26: SMS 게이트웨이 벤더는 Sprint 0(준비) 단계에서 확정 (Blocker)
A27: BE는 기존 mcrs-backend 코드베이스에 추가 (대규모 리팩토링 없음)
A28: APP은 기존 mobile-app-v2 코드베이스에 모듈 추가 (BLoC 패턴 유지)
A29: 공수에는 코드 리뷰·테스트 작성·문서화 포함, 통합 QA는 별도 항목
A30: 기존 사용자 마이그레이션 정책(D-09)은 Sprint 시작 전 결정 완료 전제

Sheet WBS
A1: ID | B1: Workstream | C1: 작업명 | D1: 상세 설명 | E1: Role | F1: Week | G1: 공수 (MD) | H1: 의존성 | I1: Status | J1: 담당자 | K1: Acceptance Criteria
A2: T-01 | B2: Spec/Design | C2: API 명세서 확정 | D2: OpenAPI YAML(/auth/*, /contacts/*) 검토 및 PM·BE·APP 협의로 final fix. 에러 코드·rate limit 값 확정. | E2: PM | F2: 1 | G2: 2 | I2: Not Started | K2: OpenAPI YAML 승인본 확정, /auth /contacts 8개 엔드포인트 정의 완료
A3: T-02 | B3: Spec/Design | C3: UI/UX 와이어프레임 | D3: 전화번호 입력·SMS 코드 입력·자동 로그인·연락처 동기화 동의 4개 화면 디자인. | E3: DESIGN | F3: 1 | G3: 3 | I3: Not Started | K3: Figma 와이어프레임 4개 화면 + 에러 상태 정의
A4: T-03 | B4: Spec/Design | C4: SMS 메시지 템플릿 작성 | D4: OTP 메시지 (KO/EN), 초대 SMS 메시지 템플릿, 발송자 명의 등록 (KISA 사전 등록 필요). | E4: PM | F4: 1 | G4: 1 | H4: T-01 | I4: Not Started | K4: KISA 등록용 템플릿 2종 확정
A5: T-10 | B5: Infra/DB | C5: DB 마이그레이션 Phase 1 실행 | D5: phase1_auth_infrastructure.sql 적용. users 확장, auth_codes, refresh_tokens, contact_links 테이블 생성. | E5: INFRA | F5: 1 | G5: 1.5 | H5: T-01 | I5: Not Started | K5: 스키마 적용 완료, 백필 결과 검증 쿼리 통과
A6: T-11 | B6: Infra/DB | C6: SMS 게이트웨이 연동 설정 | D6: 선정된 벤더(D-10 결정)의 API 키 발급, dev/stg/prod 환경별 설정. 발신 번호 등록. | E6: INFRA | F6: 1 | G6: 2 | H6: D-10(Decision) | I6: Blocked | K6: dev 환경에서 테스트 SMS 발송 성공
A7: T-12 | B7: Infra/DB | C7: Rate Limit 인프라 구성 | D7: Redis 기반 rate limiter (시간당 5회/번호, 20회/IP). Spring Boot 빈 등록. | E7: INFRA | F7: 2 | G7: 2 | H7: T-10 | I7: Not Started | K7: Redis 카운터 동작 확인, 한도 초과 시 429 응답
A8: T-20 | B8: BE-Auth | C8: User 엔티티 확장 | D8: UsersEntity에 phone, phone_verified, status, last_login_at, device_id 필드 추가. JPA 매핑. | E8: BE | F8: 2 | G8: 1 | H8: T-10 | I8: Not Started | K8: JPA 매핑 완료, 단위 테스트 통과
A9: T-21 | B9: BE-Auth | C9: AuthCode 엔티티/레포지토리 | D9: AuthCode JPA 엔티티, AuthCodeRepository (만료된 코드 조회·정리). | E9: BE | F9: 2 | G9: 1 | H9: T-10 | I9: Not Started | K9: 엔티티·레포 작성, 만료 코드 자동 정리 스케줄러 동작
A10: T-22 | B10: BE-Auth | C10: SmsService 구현 | D10: SMS 발송 추상화 인터페이스 + 선정 벤더 구현. 발송 실패 시 retry, 로깅. | E10: BE | F10: 2 | G10: 2.5 | H10: T-11 | I10: Not Started | K10: 단위 테스트 + 통합 테스트 (모킹) 통과
A11: T-23 | B11: BE-Auth | C11: AuthController + AuthService | D11: /auth/request-code, /auth/verify-code, /auth/refresh, /auth/logout 4개 엔드포인트 구현. | E11: BE | F11: 2 | G11: 4 | H11: T-20,T-21,T-22 | I11: Not Started | K11: OpenAPI 명세대로 동작, JWT 발급, 코드 검증 실패 시 attempts 카운트
A12: T-24 | B12: BE-Auth | C12: JWT 필터 통합 | D12: 기존 RequestFilterConfiguration에 신규 phone-based JWT 클레임 추가. 기존 password 인증과 병행 가능하도록. | E12: BE | F12: 3 | G12: 2 | H12: T-23,D-09(Decision) | I12: Not Started | K12: phone JWT로 보호된 엔드포인트 접근 가능, 기존 토큰 호환
A13: T-25 | B13: BE-Auth | C13: RefreshToken 회전 로직 | D13: 리프레시 토큰 1회 사용 후 회전(rotation), 탈취 감지 시 전체 무효화. | E13: BE | F13: 3 | G13: 1.5 | H13: T-23 | I13: Not Started | K13: 토큰 회전 정상, 재사용 시 전체 무효화
A14: T-30 | B14: BE-Contacts | C14: ContactSync API 구현 | D14: /contacts/sync — SHA-256 해시 비교로 가입자·미가입자 분리 반환. | E14: BE | F14: 3 | G14: 2.5 | H14: T-10,T-23 | I14: Not Started | K14: 1000건 해시 비교 200ms 이내, 평문 전화번호 미저장
A15: T-31 | B15: BE-Contacts | C15: ContactInvite API 구현 | D15: /contacts/invite — 미가입자 대상 SMS·카카오 초대 발송. 발송 이력 contact_links 저장. | E15: BE | F15: 3 | G15: 2 | H15: T-22,T-30 | I15: Not Started | K15: SMS 발송 성공, 가입 시 자동 매칭 동작
... A30: T-65 | B30: QA/Release | C30: Prod 릴리즈 준비 | D30: 마이그레이션 dry-run, 롤백 절차 문서화, 모니터링 대시보드 (SMS 발송량, 가입 전환율) 구성. | E30: INFRA | F30: 4 | G30: 2 | H30: T-64 | I30: Not Started | K30: 롤백 시뮬레이션 성공, 대시보드 메트릭 노출
A31: 합계 | F31: MD | G31: =SUM(G2:G30) -> 60.5

Sheet Weekly Plan
A1: 주차별 작업 분포
A3: Workstream | B3: Week 1 (MD) | C3: Week 2 (MD) | D3: Week 3 (MD) | E3: Week 4 (MD) | F3: 합계 (MD)
A4: Spec/Design | B4: =SUMIFS(WBS!G:G,WBS!B:B,"Spec/Design",WBS!F:F,1) -> 6 | C4: =SUMIFS(WBS!G:G,WBS!B:B,"Spec/Design",WBS!F:F,2) -> 0 | D4: =SUMIFS(WBS!G:G,WBS!B:B,"Spec/Design",WBS!F:F,3) -> 0 | E4: =SUMIFS(WBS!G:G,WBS!B:B,"Spec/Design",WBS!F:F,4) -> 0 | F4: =SUM(B4:E4) -> 6
A5: Infra/DB | B5: =SUMIFS(WBS!G:G,WBS!B:B,"Infra/DB",WBS!F:F,1) -> 3.5 | C5: =SUMIFS(WBS!G:G,WBS!B:B,"Infra/DB",WBS!F:F,2) -> 2 | D5: =SUMIFS(WBS!G:G,WBS!B:B,"Infra/DB",WBS!F:F,3) -> 0 | E5: =SUMIFS(WBS!G:G,WBS!B:B,"Infra/DB",WBS!F:F,4) -> 0 | F5: =SUM(B5:E5) -> 5.5
A6: BE-Auth | B6: =SUMIFS(WBS!G:G,WBS!B:B,"BE-Auth",WBS!F:F,1) -> 0 | C6: =SUMIFS(WBS!G:G,WBS!B:B,"BE-Auth",WBS!F:F,2) -> 8.5 | D6: =SUMIFS(WBS!G:G,WBS!B:B,"BE-Auth",WBS!F:F,3) -> 3.5 | E6: =SUMIFS(WBS!G:G,WBS!B:B,"BE-Auth",WBS!F:F,4) -> 0 | F6: =SUM(B6:E6) -> 12
A7: BE-Contacts | B7: =SUMIFS(WBS!G:G,WBS!B:B,"BE-Contacts",WBS!F:F,1) -> 0 | C7: =SUMIFS(WBS!G:G,WBS!B:B,"BE-Contacts",WBS!F:F,2) -> 0 | D7: =SUMIFS(WBS!G:G,WBS!B:B,"BE-Contacts",WBS!F:F,3) -> 6 | E7: =SUMIFS(WBS!G:G,WBS!B:B,"BE-Contacts",WBS!F:F,4) -> 0 | F7: =SUM(B7:E7) -> 6
A8: APP-Auth | B8: =SUMIFS(WBS!G:G,WBS!B:B,"APP-Auth",WBS!F:F,1) -> 0 | C8: =SUMIFS(WBS!G:G,WBS!B:B,"APP-Auth",WBS!F:F,2) -> 4 | D8: =SUMIFS(WBS!G:G,WBS!B:B,"APP-Auth",WBS!F:F,3) -> 7 | E8: =SUMIFS(WBS!G:G,WBS!B:B,"APP-Auth",WBS!F:F,4) -> 0 | F8: =SUM(B8:E8) -> 11
A9: APP-Contacts | B9: =SUMIFS(WBS!G:G,WBS!B:B,"APP-Contacts",WBS!F:F,1) -> 0 | C9: =SUMIFS(WBS!G:G,WBS!B:B,"APP-Contacts",WBS!F:F,2) -> 0 | D9: =SUMIFS(WBS!G:G,WBS!B:B,"APP-Contacts",WBS!F:F,3) -> 6.5 | E9: =SUMIFS(WBS!G:G,WBS!B:B,"APP-Contacts",WBS!F:F,4) -> 0 | F9: =SUM(B9:E9) -> 6.5
A10: QA/Release | B10: =SUMIFS(WBS!G:G,WBS!B:B,"QA/Release",WBS!F:F,1) -> 0 | C10: =SUMIFS(WBS!G:G,WBS!B:B,"QA/Release",WBS!F:F,2) -> 0 | D10: =SUMIFS(WBS!G:G,WBS!B:B,"QA/Release",WBS!F:F,3) -> 0 | E10: =SUMIFS(WBS!G:G,WBS!B:B,"QA/Release",WBS!F:F,4) -> 13.5 | F10: =SUM(B10:E10) -> 13.5
A11: 주차 합계 | B11: =SUM(B4:B10) -> 9.5 | C11: =SUM(C4:C10) -> 14.5 | D11: =SUM(D4:D10) -> 23 | E11: =SUM(E4:E10) -> 13.5 | F11: =SUM(F4:F10) -> 60.5

Sheet Risk & Dependencies
A1: Sprint 1 리스크 및 의존성
A3: ID | B3: 리스크/의존성 | C3: 유형 | D3: 영향 | E3: 완화 방안
A4: R-01 | B4: SMS 게이트웨이 벤더 미확정 (D-10) | C4: Blocker | D4: T-11, T-22 시작 불가 | E4: Sprint 0 단계에서 의사결정 완료. 백업 벤더 1곳 추가 선정.
A5: R-02 | B5: 기존 사용자 마이그레이션 정책 미확정 (D-09) | C5: Blocker | D5: T-24, T-44 영향 | E5: Sprint 0 의사결정 회의 1차 항목. 강제/유예/병행 중 결정.
A6: R-03 | B6: 미인증 채팅 한도 수치 미확정 (D-04) | C6: Decision | D6: T-32 영향 (구현 후 변경 가능) | E6: 초기값 5건/일로 구현, A/B 테스트로 조정.
A7: R-04 | B7: iOS SMS 자동 채움 권한 | C7: Technical | D7: T-42 UX 저하 가능 | E7: Apple 권장 도메인 바인딩 메시지 형식 사용. 수동 입력 fallback.
A8: R-05 | B8: KISA 발신번호 사전등록 지연 | C8: Process | D8: T-11 일정 1~2주 지연 가능 | E8: Sprint 0 동시 진행. 등록 절차 5영업일 소요 가정.
A9: R-06 | B9: Android 13+ 알림 권한 변경 | C9: Technical | D9: 푸시 알림 권한 거부 시 가입 흐름 영향 | E9: 권한 거부 시에도 가입 진행, 푸시 없이 인앱 알림 fallback.
A10: R-07 | B10: 기존 코드베이스 의존성 충돌 | C10: Technical | D10: 기존 라이브러리 버전과 신규 추가 의존성 충돌 가능 | E10: Sprint 0에서 의존성 호환성 사전 검증.
A11: R-08 | B11: DB 마이그레이션 실패 | C11: Operational | D11: 스키마 변경 시 운영 영향 | E11: Maintenance window에 실행, 백업 사전 확보, 롤백 스크립트 준비.
